{"status": "available", "lotNumber": "43453424", "contact": [{"system": "phone", "value": "ext 4352"}], "resourceType": "Device", "text": {"status": "generated", "div": "<div xmlns=\"http://www.w3.org/1999/xhtml\"><p><b>Generated Narrative with Details</b></p><p><b>id</b>: example</p><p><b>identifier</b>: 345675, Serial Number = AMID-342135-8464</p><p><b>status</b>: available</p><p><b>type</b>: ECG <span>(Details : {SNOMED CT code '86184003' = 'Electrocardiographic monitor and recorder, device (physical object)', given as 'Electrocardiographic monitor and recorder'})</span></p><p><b>lotNumber</b>: 43453424</p><p><b>manufacturer</b>: Acme Devices, Inc</p><p><b>model</b>: AB 45-J</p><p><b>contact</b>: ph: ext 4352</p><p><b>note</b>: QA Checked</p></div>"}, "model": "AB 45-J", "identifier": [{"system": "http://goodcare.org/devices/id", "value": "345675"}, {"type": {"text": "Serial Number", "coding": [{"code": "SNO", "system": "http://hl7.org/fhir/identifier-type"}]}, "value": "AMID-342135-8464"}], "type": {"text": "ECG", "coding": [{"code": "86184003", "system": "http://snomed.info/sct", "display": "Electrocardiographic monitor and recorder"}]}, "manufacturer": "Acme Devices, Inc"}