{"status": "available", "accessionIdentifier": {"system": "http://lab.acme.org/specimens/2011", "value": "X352356"}, "resourceType": "Specimen", "text": {"status": "generated", "div": "<div xmlns=\"http://www.w3.org/1999/xhtml\"><p><b>Generated Narrative with Details</b></p><p><b>id</b>: 101</p><p><b>contained</b>: </p><p><b>identifier</b>: 23234352356</p><p><b>accessionIdentifier</b>: X352356</p><p><b>status</b>: available</p><p><b>type</b>: Venous blood specimen <span>(Details : {SNOMED CT code '122555007' = 'Venous blood specimen (specimen)', given as 'Venous blood specimen'})</span></p><p><b>subject</b>: <a>Peter Patient</a></p><p><b>receivedTime</b>: Mar 4, 2011 7:03:00 AM</p><p><b>request</b>: <a>DiagnosticRequest/example</a></p><h3>Collections</h3><table><tr><td>-</td><td><b>Collector</b></td><td><b>Collected[x]</b></td><td><b>Quantity</b></td><td><b>Method</b></td></tr><tr><td>*</td><td><a>Practitioner/example</a></td><td>May 30, 2011 6:15:00 AM</td><td>6 mL</td><td>Line, Venous <span>(Details : {http://hl7.org/fhir/v2/0488 code 'LNV' = 'Line, Venous)</span></td></tr></table><h3>Containers</h3><table><tr><td>-</td><td><b>Identifier</b></td><td><b>Description</b></td><td><b>Type</b></td><td><b>Capacity</b></td><td><b>SpecimenQuantity</b></td><td><b>Additive[x]</b></td></tr><tr><td>*</td><td>48736-15394-75465</td><td>Green Gel tube</td><td>Vacutainer <span>(Details )</span></td><td>10 mL</td><td>6 mL</td><td>id: hep; Lithium/Li Heparin <span>(Details : {http://hl7.org/fhir/v3/EntityCode code 'HEPL' = 'Lithium/Li Heparin)</span></td></tr></table><p><b>note</b>: Specimen is grossly lipemic</p></div>"}, "receivedTime": "2011-03-04T07:03:00Z", "identifier": [{"system": "http://ehr.acme.org/identifiers/collections", "value": "23234352356"}], "type": {"coding": [{"code": "122555007", "system": "http://snomed.info/sct", "display": "Venous blood specimen"}]}, "subject": {"reference": "Patient/1"}}